{
  "project_info": {
    "project_number": "795688853767",
    "project_id": "android-5ceb8",
    "storage_bucket": "android-5ceb8.appspot.com"
  },
  "client": [
    {
      "client_info": {
        "mobilesdk_app_id": "1:795688853767:android:fb6b5ee8af06ddb13d25a2",
        "android_client_info": {
          "package_name": "com.android.buddy"
        }
      },
      "oauth_client": [
        {
          "client_id": "795688853767-q0mk2ojij6go68fkskpiok3j79muf9jm.apps.googleusercontent.com",
          "client_type": 1,
          "android_info": {
            "package_name": "com.android.buddy",
            "certificate_hash": "409d166b4d3011e529bf0e7045cc80f386f1596a"
          }
        },
        {
          "client_id": "795688853767-uqb8ru84c1ulvs91pb36m44se4kkqrpd.apps.googleusercontent.com",
          "client_type": 3
        }
      ],
      "api_key": [
        {
          "current_key": "AIzaSyCkOhOsCwBO94fNegHkqK5zZRWNvL_rUZY"
        }
      ],
      "services": {
        "appinvite_service": {
          "other_platform_oauth_client": [
            {
              "client_id": "795688853767-uqb8ru84c1ulvs91pb36m44se4kkqrpd.apps.googleusercontent.com",
              "client_type": 3
            }
          ]
        }
      }
    },
    {
      "client_info": {
        "mobilesdk_app_id": "1:795688853767:android:3c95f82ce3fa29563d25a2",
        "android_client_info": {
          "package_name": "com.android.newapp2022"
        }
      },
      "oauth_client": [
        {
          "client_id": "795688853767-40o4f02n8heuas9effrlm640j40242te.apps.googleusercontent.com",
          "client_type": 1,
          "android_info": {
            "package_name": "com.android.newapp2022",
            "certificate_hash": "409d166b4d3011e529bf0e7045cc80f386f1596a"
          }
        },
        {
          "client_id": "795688853767-uqb8ru84c1ulvs91pb36m44se4kkqrpd.apps.googleusercontent.com",
          "client_type": 3
        }
      ],
      "api_key": [
        {
          "current_key": "AIzaSyCkOhOsCwBO94fNegHkqK5zZRWNvL_rUZY"
        }
      ],
      "services": {
        "appinvite_service": {
          "other_platform_oauth_client": [
            {
              "client_id": "795688853767-uqb8ru84c1ulvs91pb36m44se4kkqrpd.apps.googleusercontent.com",
              "client_type": 3
            }
          ]
        }
      }
    }
  ],
  "configuration_version": "1"
}